<?xml version="1.0" encoding="UTF-8"?>
<GenRun Id="synth_1" LaunchPart="xc7a35tcpg236-1" LaunchTime="1623707507">
  <File Type="PA-TCL" Name="top.tcl"/>
  <File Type="RDS-PROPCONSTRS" Name="top_drc_synth.rpt"/>
  <File Type="REPORTS-TCL" Name="top_reports.tcl"/>
  <File Type="RDS-RDS" Name="top.vds"/>
  <File Type="RDS-UTIL" Name="top_utilization_synth.rpt"/>
  <File Type="RDS-UTIL-PB" Name="top_utilization_synth.pb"/>
  <File Type="RDS-DCP" Name="top.dcp"/>
  <File Type="VDS-TIMINGSUMMARY" Name="top_timing_summary_synth.rpt"/>
  <File Type="VDS-TIMING-PB" Name="top_timing_summary_synth.pb"/>
  <FileSet Name="sources" Type="DesignSrcs" RelSrcDir="$PSRCDIR/sources_1" RelGenDir="$PGENDIR/sources_1">
    <Filter Type="Srcs"/>
    <File Path="$PSRCDIR/sources_1/ip/dist_rom_0/dist_rom_0.xci">
      <FileInfo>
        <Attr Name="UsedIn" Val="synthesis"/>
        <Attr Name="UsedIn" Val="implementation"/>
        <Attr Name="UsedIn" Val="simulation"/>
      </FileInfo>
    </File>
    <File Path="$PSRCDIR/sources_1/imports/basic controller/sram_ctrl2.v">
      <FileInfo>
        <Attr Name="ImportPath" Val="$PPRDIR/../../../Arduino/SRAM-tester-for-Cmod-A7-35T/basic controller/sram_ctrl2.v"/>
        <Attr Name="ImportTime" Val="1622689687"/>
        <Attr Name="UsedIn" Val="synthesis"/>
        <Attr Name="UsedIn" Val="implementation"/>
        <Attr Name="UsedIn" Val="simulation"/>
      </FileInfo>
    </File>
    <File Path="$PSRCDIR/sources_1/imports/6551-ACIA/ACIA.vhd">
      <FileInfo>
        <Attr Name="ImportPath" Val="$PPRDIR/../../65c02_dave_delta/6551-ACIA/ACIA.vhd"/>
        <Attr Name="ImportTime" Val="1623247717"/>
        <Attr Name="UsedIn" Val="synthesis"/>
        <Attr Name="UsedIn" Val="simulation"/>
      </FileInfo>
    </File>
    <File Path="$PSRCDIR/sources_1/imports/6551-ACIA/ACIA_BRGEN.vhd">
      <FileInfo>
        <Attr Name="ImportPath" Val="$PPRDIR/../../65c02_dave_delta/6551-ACIA/ACIA_BRGEN.vhd"/>
        <Attr Name="ImportTime" Val="1623247717"/>
        <Attr Name="UsedIn" Val="synthesis"/>
        <Attr Name="UsedIn" Val="simulation"/>
      </FileInfo>
    </File>
    <File Path="$PSRCDIR/sources_1/imports/6551-ACIA/ACIA_RX.vhd">
      <FileInfo>
        <Attr Name="ImportPath" Val="$PPRDIR/../../65c02_dave_delta/6551-ACIA/ACIA_RX.vhd"/>
        <Attr Name="ImportTime" Val="1623247717"/>
        <Attr Name="UsedIn" Val="synthesis"/>
        <Attr Name="UsedIn" Val="simulation"/>
      </FileInfo>
    </File>
    <File Path="$PSRCDIR/sources_1/imports/6551-ACIA/ACIA_TX.vhd">
      <FileInfo>
        <Attr Name="ImportPath" Val="$PPRDIR/../../65c02_dave_delta/6551-ACIA/ACIA_TX.vhd"/>
        <Attr Name="ImportTime" Val="1623247717"/>
        <Attr Name="UsedIn" Val="synthesis"/>
        <Attr Name="UsedIn" Val="simulation"/>
      </FileInfo>
    </File>
    <File Path="$PSRCDIR/sources_1/imports/vhdl/fsm_execution_unit.vhd">
      <FileInfo>
        <Attr Name="ImportPath" Val="$PPRDIR/../../cpu65c02_jens/trunk/beta/rtl/vhdl/fsm_execution_unit.vhd"/>
        <Attr Name="ImportTime" Val="1539527494"/>
        <Attr Name="UsedIn" Val="synthesis"/>
        <Attr Name="UsedIn" Val="simulation"/>
      </FileInfo>
    </File>
    <File Path="$PSRCDIR/sources_1/imports/vhdl/fsm_intnmi.vhd">
      <FileInfo>
        <Attr Name="ImportPath" Val="$PPRDIR/../../cpu65c02_jens/trunk/beta/rtl/vhdl/fsm_intnmi.vhd"/>
        <Attr Name="ImportTime" Val="1539527494"/>
        <Attr Name="UsedIn" Val="synthesis"/>
        <Attr Name="UsedIn" Val="simulation"/>
      </FileInfo>
    </File>
    <File Path="$PSRCDIR/sources_1/imports/vhdl/reg_pc.vhd">
      <FileInfo>
        <Attr Name="ImportPath" Val="$PPRDIR/../../cpu65c02_jens/trunk/beta/rtl/vhdl/reg_pc.vhd"/>
        <Attr Name="ImportTime" Val="1539527494"/>
        <Attr Name="UsedIn" Val="synthesis"/>
        <Attr Name="UsedIn" Val="simulation"/>
      </FileInfo>
    </File>
    <File Path="$PSRCDIR/sources_1/imports/vhdl/reg_sp.vhd">
      <FileInfo>
        <Attr Name="ImportPath" Val="$PPRDIR/../../cpu65c02_jens/trunk/beta/rtl/vhdl/reg_sp.vhd"/>
        <Attr Name="ImportTime" Val="1539527494"/>
        <Attr Name="UsedIn" Val="synthesis"/>
        <Attr Name="UsedIn" Val="simulation"/>
      </FileInfo>
    </File>
    <File Path="$PSRCDIR/sources_1/imports/vhdl/regbank_axy.vhd">
      <FileInfo>
        <Attr Name="ImportPath" Val="$PPRDIR/../../cpu65c02_jens/trunk/beta/rtl/vhdl/regbank_axy.vhd"/>
        <Attr Name="ImportTime" Val="1539527494"/>
        <Attr Name="UsedIn" Val="synthesis"/>
        <Attr Name="UsedIn" Val="simulation"/>
      </FileInfo>
    </File>
    <File Path="$PSRCDIR/sources_1/imports/vhdl/core.vhd">
      <FileInfo>
        <Attr Name="ImportPath" Val="$PPRDIR/../../cpu65c02_jens/trunk/beta/rtl/vhdl/core.vhd"/>
        <Attr Name="ImportTime" Val="1539527494"/>
        <Attr Name="UsedIn" Val="synthesis"/>
        <Attr Name="UsedIn" Val="simulation"/>
      </FileInfo>
    </File>
    <File Path="$PSRCDIR/sources_1/imports/vhdl/r65c02_tc.vhd">
      <FileInfo>
        <Attr Name="ImportPath" Val="$PPRDIR/../../cpu65c02_jens/trunk/beta/rtl/vhdl/r65c02_tc.vhd"/>
        <Attr Name="ImportTime" Val="1539527494"/>
        <Attr Name="UsedIn" Val="synthesis"/>
        <Attr Name="UsedIn" Val="simulation"/>
      </FileInfo>
    </File>
    <File Path="$PSRCDIR/sources_1/new/top.sv">
      <FileInfo>
        <Attr Name="ImportPath" Val="$PPRDIR/../t65_alpha/t65_alpha.srcs/sources_1/new/top.sv"/>
        <Attr Name="ImportTime" Val="1623505132"/>
        <Attr Name="UsedIn" Val="synthesis"/>
        <Attr Name="UsedIn" Val="implementation"/>
        <Attr Name="UsedIn" Val="simulation"/>
      </FileInfo>
    </File>
    <File Path="$PSRCDIR/sources_1/rom_mon.coe">
      <FileInfo>
        <Attr Name="UsedIn" Val="synthesis"/>
        <Attr Name="UsedIn" Val="simulation"/>
      </FileInfo>
    </File>
    <Config>
      <Option Name="DesignMode" Val="RTL"/>
      <Option Name="TopModule" Val="top"/>
    </Config>
  </FileSet>
  <FileSet Name="constrs_in" Type="Constrs" RelSrcDir="$PSRCDIR/constrs_1">
    <Filter Type="Constrs"/>
    <File Path="$PSRCDIR/constrs_1/imports/digilent-xdc-master/Cmod-A7-Master.xdc">
      <FileInfo>
        <Attr Name="ImportPath" Val="$PPRDIR/../../../Arduino/SRAM-test/complete/SFOT_next/SFOT_next.srcs/constrs_1/imports/digilent-xdc-master/Cmod-A7-Master.xdc"/>
        <Attr Name="ImportTime" Val="1622733163"/>
        <Attr Name="UsedIn" Val="synthesis"/>
        <Attr Name="UsedIn" Val="implementation"/>
      </FileInfo>
    </File>
    <Config>
      <Option Name="ConstrsType" Val="XDC"/>
    </Config>
  </FileSet>
  <FileSet Name="utils" Type="Utils" RelSrcDir="$PSRCDIR/utils_1">
    <Filter Type="Utils"/>
    <Config>
      <Option Name="TopAutoSet" Val="TRUE"/>
    </Config>
  </FileSet>
  <Strategy Version="1" Minor="2">
    <StratHandle Name="Vivado Synthesis Defaults" Flow="Vivado Synthesis 2020"/>
    <Step Id="synth_design"/>
  </Strategy>
</GenRun>
